{
  "project_info": {
    "project_number": "211573666678",
    "project_id": "atividadesomativa-ff588",
    "storage_bucket": "atividadesomativa-ff588.appspot.com"
  },
  "client": [
    {
      "client_info": {
        "mobilesdk_app_id": "1:211573666678:android:f25094b25160eddb3e0057",
        "android_client_info": {
          "package_name": "com.example.atividadesomativa"
        }
      },
      "oauth_client": [],
      "api_key": [
        {
          "current_key": "AIzaSyBAPnIH05I8vKPsRhaAEzXg9M-ZoT-lmMU"
        }
      ],
      "services": {
        "appinvite_service": {
          "other_platform_oauth_client": []
        }
      }
    }
  ],
  "configuration_version": "1"
}